word,attribute,count
雙手,n,10
孩能,n,2
唱著,v,14
三點,m,16
如同,d,4
幻覺,n,2
一言,u,5
驕傲,a,8
包裝,v,2
安穩,a,4
創意,v,4
怎麼,r,70
吵想,v,2
實現,v,6
一記,m,7
鎖,v,6
拜見,v,3
蛋殼,n,2
這天,r,1
一樣,u,24
錢,n,8
亦,d,6
沿著,v,7
體溫,n,2
盡遊,f,8
焦距,n,4
作,n,6
向右看,nr,6
河,n,5
王子,nr,2
包裹,v,1
渴,v,2
然,r,45
停止使用,i,5
實不,d,13
不痛,a,4
高超,nr,5
蛋黃,n,2
相隨,v,6
吃不完,v,2
令人窒息,vn,2
插花,n,2
嚥,zg,2
似曾,d,2
舉動,v,4
變身,v,3
妖嬌,v,2
籬下,n,4
無關想無,l,2
邊界,n,2
絲,n,12
正常,d,4
風交,n,2
全副,m,4
苗,n,2
摘,v,3
儀電吉手家,nz,1
可言,v,2
翻譯,v,1
哄哄,v,4
現,tg,15
凡,d,6
遠,zg,9
身,ng,4
右腿,n,4
同流,n,2
心裡,s,40
罪,n,21
揭,v,2
作弄,v,4
咖啡店,n,2
埋下,v,2
歲,m,19
雪白,z,5
其,r,15
許天,m,4
妖魔,n,5
躁動,v,2
接近,v,5
千年,m,4
愁,v,8
仔,ng,1
傷心,v,2
態度,n,4
第一,m,4
紛紛,d,4
沈,nr,44
個,q,39
入睡,v,6
聞,v,6
溝通,v,4
興高採烈,i,2
漸漸,d,11
粉刷,v,3
酣聲,d,5
貧窮,an,3
儘,zg,5
離人,n,2
下度,n,11
無,v,75
全力,n,1
根秋,n,2
傀儡,n,2
遇,v,1
絕望,v,9
大成,v,3
試煉,v,4
抓著,v,6
成功,a,5
是,v,538
念頭,n,3
雨聲,n,4
欺瞞,v,4
蹲,v,4
魚缸,n,2
頻率,n,10
往常,d,6
黑玫瑰,nr,2
不留,v,4
油漆未乾,i,4
關了,p,8
一樣,r,6
運,v,2
心血,n,2
不用,v,2
化做,v,3
嗎,y,43
饑,zg,2
適用,v,1
扛走,v,3
忘神,v,6
花生,n,1
腸,x,5
教,v,10
或者,c,6
惡人,n,2
真知,n,2
也,d,356
紫夜,n,4
艾,nr,1
腳邊,f,5
盤,q,13
收集,v,4
過往,t,4
碎裂,v,9
以來,f,4
衝,x,1
噓,e,3
未免太,n,2
遺棄,v,4
燒出,v,4
無法,v,15
滴,v,6
身段,n,3
艱苦,a,2
套,m,2
揭發,v,4
來自,v,1
工作,vn,6
且,c,4
不甘,v,2
越遠,d,4
毋管,c,2
安靜,nr,6
人身,n,3
浩翰,ns,1
婦人,n,4
上,f,110
永恆,nr,1
無法解,l,4
近,a,4
飄散,v,10
經,p,2
悲劇,n,4
底,f,5
傷有,v,3
毒蜘蛛,n,4
輪廓,n,28
喧囂,v,4
剛,d,4
孤獨人無所謂,l,4
齊發,nz,4
純真,a,2
不出,v,1
一次,m,10
嚥,yg,14
受盡,v,6
鴨,ng,4
狂森,a,1
塗畫,n,4
所困,b,2
懷有,v,2
拾穗,v,7
步履,nr,2
宣紙,n,3
嚐了,y,8
穿越,v,10
飛鳥,n,16
光鮮,a,3
足面,n,2
離不開,v,2
覺得,v,24
日子,n,27
無可救藥,i,1
尾,n,9
誤導,n,3
雨點,n,2
凌虐,v,2
投,vn,1
白色,n,2
愛人,n,1
相,v,12
院停格,n,2
買賣,v,4
換來,v,37
聖,j,2
晚,tg,14
乘著,v,4
由,p,2
依賴,v,8
太熟,a,4
規律,n,4
路口,s,2
寧,j,13
一步,m,12
佇,vg,3
破,v,3
龔鈺祺,nr,7
自言自語夕陽無盡,i,2
苟活,v,4
奔忙,v,8
跳,v,12
該,x,8
欣賞,v,4
調快,v,4
派,v,2
老,a,36
明天,t,19
田成,nrfg,1
雖有,c,4
守夜,n,6
指尖,n,4
八月,t,11
爍,g,4
拍照,v,2
沒人,v,10
青鳥,n,2
謊言,n,9
王冠,nr,5
風景,n,27
俘虜,n,4
稻浪,nz,2
想要,v,34
林瑋哲,nr,1
觀賞,v,4
海總,nr,5
暴躁,a,4
悶熱晚,l,4
穿洞,n,2
規,ng,1
躊躇,v,8
活著,v,9
清晨,t,27
鬧,v,35
小情,n,11
溫熱,a,5
驚奇,a,3
流失,v,4
陰霾,n,4
課,n,4
負責,v,4
一段,m,2
吹,v,15
人世,n,2
皺,v,3
清晰,a,11
美麗,a,24
微風過眼,l,7
式微,v,2
清明,a,2
歇,v,1
不吭,l,6
建造,v,2
自虐,v,4
今,tg,3
前,f,42
勞動,vn,2
睏,y,3
哎,e,62
隱埋,v,8
想開,v,1
髒,yg,3
幕,q,2
風是,n,2
乖乖,d,2
胖,a,2
台上,s,12
韶其實,nr,1
著妝,v,4
受不了,l,11
轟,v,1
賞,v,2
善良,a,3
白鴿,nr,4
重點,d,2
謎題,n,2
傳來,v,2
掛念,v,6
加上,v,4
不同,a,8
所在,b,2
模糊,a,9
天比,ns,5
瘟疫,n,4
比美,ns,15
適合,v,10
輕意,d,2
靠近,v,4
沒什,nz,2
迴,yg,8
兇狠,a,3
濕,a,7
坦克,n,4
記憶,n,24
形同陌路,vn,5
彿,zg,18
鮮艷,a,3
不知,v,15
冷血,v,3
那天,r,16
唱出,v,5
狗,n,5
退讓,v,2
飛翔,v,8
地痛,n,4
贊,j,1
再,d,88
寂寥,z,8
累,v,2
表面,n,6
撕扯,v,2
沈醉,nr,10
錯,v,16
游泳,vn,3
羨慕,v,2
山崩地裂,i,2
飛,v,39
約,d,10
湧著,v,3
醫院,n,3
遇到,v,2
義,nr,2
隔離,v,2
請閉,v,2
轉載,v,1
金壺,n,2
演成,v,3
推開,v,4
轉身,v,9
印象,n,11
如,c,5
水,n,21
傷,v,38
哪個,r,14
快活,d,13
沒能,v,2
一根,m,14
契約,n,4
韻腳,n,2
所,u,2
海因,n,3
飛得,v,3
犧牲,v,6
針底劃,n,2
遠,a,35
大街小巷,i,4
保留,v,19
無視,v,15
重,a,6
喘,v,2
一桌,m,2
捨,zg,6
早在,t,2
謙虛,a,4
月光,n,9
伊哈,nrt,4
沈重,nr,12
才能,v,15
知,v,6
凱旋,n,4
共舞,n,1
活,n,7
鏡,n,2
牠,yg,3
難,a,43
鍾,nr,2
雲層,n,2
偷,v,1
操場,v,4
過紀,t,1
總,zg,4
無賴別,i,2
臭,a,4
醜陋,a,2
套用,n,2
倒不如,v,8
泥土,n,2
襲,v,3
一桶,m,4
跳蚤,n,8
突然,ad,19
笨蛋,n,2
交出,v,2
絢爛,a,5
嘴巴,n,4
唔,y,6
像是,v,13
平多,m,1
亮光,n,4
憂,v,2
自覺,d,3
成為,v,19
麻痺,v,8
麻痹,v,7
越,d,21
滿足,v,7
鋼琴,n,2
褪色,v,4
笑,v,46
珍貴,a,7
爸爸,n,18
都飛翔,nr,6
小雨,nr,6
加起,v,4
口白,n,1
噴泉,n,3
無人,b,1
聚成,v,4
一條,m,25
迷幻,a,2
淡疤,n,6
有裂,v,3
狂歡,v,4
毋須,d,2
繁至,v,2
手掌,n,6
打開,v,4
誰,r,240
過線,n,4
海比,j,4
多重,m,3
侵略,v,12
歇斯底里,ns,30
做到,v,2
躺,v,4
演技,n,5
年,q,2
左,m,2
晃,v,2
交頭,n,4
家庭,n,2
拿出,v,2
牛頭馬面足跡,i,4
全都,n,39
轉,v,31
發覺,v,2
眉,n,2
門扉,n,4
配,v,4
溫,v,7
城,n,2
菩薩,n,3
長相,d,2
秒,m,11
絕,d,6
夜玫瑰,nr,2
不露,v,8
真假,n,3
蜜糖,n,3
出缺,v,4
補,v,2
切割,v,2
陣,ng,6
啥,r,3
相同,d,18
實,a,2
無所謂,l,20
徹底,ad,11
理智,n,5
歌名,n,7
刷錯,v,2
盛放,v,7
邊音,n,4
下雨天,n,9
風花雪,n,2
愛仇敵,i,4
顧聖潔,nr,2
遷,v,1
眨,v,7
相,d,1
一團,m,1
刮起,v,2
好,a,109
什麼,r,189
喧嘩,v,10
展覽,v,4
淪落,v,3
草原,n,10
死去,v,22
豪華車,n,2
大膽,ad,2
手把,n,4
全然,ad,3
謀,v,4
放在,v,2
遙,x,2
皮膚,n,7
貸款,n,2
純,a,6
緊緊,d,5
或,c,54
某種,r,5
踮,v,8
條,q,2
趟,q,4
轉來,v,2
花,n,2
豹紋,n,2
悲傷,a,24
每天,r,5
燈火,n,2
舞台,n,10
孩提,n,2
預期,vn,6
飛,n,1
進,zg,2
浮現,v,6
摘落,v,3
作者,n,5
白聖潔,nr,2
雙腳,n,2
白雪,nr,2
流理台,n,1
個,zg,3
愛恨,a,2
聲音,n,9
良母,n,2
個夠,a,8
咖啡杯,n,6
阿龔阿,nr,2
目送,v,2
跳著,v,6
慣,v,2
右手,n,16
子,ng,6
懂得,v,13
賴賴賴賴,nrt,2
合奏,v,4
小船,n,2
名氏,n,1
萬盞,m,2
異國,n,4
屁事,n,3
加油,v,3
機會,n,6
流去,v,8
愛,zg,9
日夜,t,4
濕,v,2
緩緩,d,2
章節,n,1
衷心,n,2
間地,n,2
好奇,a,4
點破,v,2
應該,v,22
眼淚,n,50
沒辦,v,4
歌喉,n,2
開撒,v,1
樂島,ns,1
如絲般,i,3
詠著,v,2
帶著,v,10
燒完,v,2
某個,r,5
咽喉,n,2
畫,n,1
擴散,v,2
幾,m,10
種,m,9
會,zg,8
黃昏,t,26
複,x,2
不癢,a,4
喜悅口滿,i,6
基因,n,2
心,s,3
神化,n,2
蟬,n,7
煩煩,an,4
於發光,nr,2
垂憐,v,2
火焰,n,6
熟悉,v,6
抖,v,8
不發,d,1
講,v,16
繭,ng,2
不怕,c,14
帶露,v,4
伊甸,ns,2
疤,n,2
大,a,37
趁早,d,12
羨,nr,4
甘願,v,6
切成,v,2
偷看,v,8
成熟,a,5
豢養,v,2
許,m,12
形成,v,2
丟,v,4
飄零,v,4
聲響,n,4
遼闊,a,14
慶祝,v,30
滋潤,v,2
原點,n,11
浪漫派,n,1
小芬,nr,3
吞下,v,2
腦海,n,3
大腿,n,2
一念,n,2
遍,q,2
里,f,5
問,v,32
沙灘,n,2
有個,r,3
陪襯,v,1
走來,v,8
越緊,d,4
歌唱,n,21
甜美,a,15
整個,m,22
灼傷,v,2
扶梯,n,4
衝,v,5
風吹雨打交錯,i,10
沒法,v,4
喜怒,v,4
蟲蟲,n,3
上空,v,2
如何,r,10
竟然,d,13
疼痛感,n,2
玉液,n,3
琴聲,n,12
話,n,41
殆盡,v,3
失控,vn,17
維尼,nr,1
漫身黃雨煙歸雁,i,4
提醒,v,9
魂魄,n,2
成,n,7
邊艷陽,nr,2
花灑落滿天,z,2
到底,d,15
一下,m,2
水上,s,2
謊,ng,5
扎入,v,4
入口,ns,10
犬,ng,1
綑,yg,1
出水,v,2
穿梭,v,7
要求,v,6
一世,t,4
吟唱,v,5
思考,v,9
隨緣,n,2
知己,n,6
普照,nr,8
依,v,4
乾燥,nr,4
糖紅,n,3
小敏,nr,1
吠,vg,3
那,r,176
晴空,nz,6
座,q,23
用酒,n,2
口袋,n,5
撫,vg,8
躍過,v,2
泉水,ns,8
上網,v,2
一串,m,2
一尊,m,4
天下,s,2
天上,s,18
歷經,n,4
眺望,v,9
食糧,n,1
張,nr,7
裝飾,v,4
哀樂,a,4
和諧,a,6
顛笑,v,1
下造,v,2
拿掉,v,2
昏眩,v,7
印記,n,2
夜裡,t,2
秘密,n,8
林召喚,nr,3
雨滴,n,3
美學,nt,2
不值,n,4
水能,n,6
日常,d,4
鳥,n,14
拾起,v,2
荒野,n,3
茹素,nr,2
很久以前,l,4
尊敬,v,4
面,n,24
遊樂繽紛,i,1
莉,x,3
給,p,64
不再,d,24
往日,t,2
失落,v,8
結果,n,21
背叛,v,27
深,a,16
煙雲,ns,7
過,n,2
牛,n,6
格林威治,nr,4
當,zg,9
飄然,d,1
讀書,n,2
水氣,n,2
忽,d,16
寫,zg,4
記號,n,4
久對,d,3
流血,v,7
烤焦,n,5
不公,n,4
依倚兮,nr,1
變,v,21
院,n,3
槳,n,4
山,n,2
鐵軌,n,2
頓,v,4
必然,d,3
自以,d,2
消逝,vn,2
打厭,v,6
抱歉,v,5
一些,m,62
肯,v,3
單純,a,5
最熟,a,5
罌粟,n,1
柔軟,a,8
連,u,6
垢,ng,6
混亂,a,4
印,ns,7
天,q,37
一身,m,19
蔚宇,nr,3
結束,v,6
情侶,n,4
鼎盛,z,2
千日,m,2
墮落,v,6
如秋,t,3
理性,n,5
災禍,n,2
左邊,f,11
外濟,n,3
麼,y,31
聽見,v,13
整,v,6
所,c,4
天份,nz,2
羞羞,a,2
耕,v,2
遊,v,5
究,vg,1
廣大,a,10
優點,n,4
想法,v,5
野,b,5
黑裡,n,2
習,vg,1
體,zg,3
熱切,a,3
溺死,v,5
成雪,n,2
機,ng,1
蜻蜓,n,11
衝破,vn,6
貧,n,2
思想,n,8
左,f,2
咬揮,v,8
不作美,i,2
至少,d,4
淪愛,v,2
光年,n,3
扯,v,5
想賴,v,6
進冊,v,2
寒,ag,3
一件,m,1
迷惑,v,2
方向,n,9
兩點,m,2
沈睡,nr,4
海在,n,1
抗爭,vn,3
穿,v,18
迷惘,a,10
快樂,a,20
危樓,n,2
太,d,79
跳舞,v,12
失敗,v,3
縮小,v,4
擁有,v,26
開,zg,3
了愛,v,2
沙皇,nr,2
既有,c,4
城堡,ns,16
袂,ng,1
令人,nrt,6
哪吒,nrt,3
英文,nz,1
搖,v,5
幻沫,n,2
罪惡蛇,i,2
寂寞,a,60
除了,p,8
字片,n,4
世故,n,4
透過,v,6
平庸,a,2
收錄,v,2
稀薄,a,12
相反,v,3
館,ng,5
仰頭然,i,2
多香想心臟無法,i,1
回航,v,6
荒塚,n,2
蹟,zg,4
無風雨,i,4
陳,nr,2
綻,v,6
真相,d,4
自一,r,2
雲彩,nr,2
磁場,n,6
牛頓,nr,4
時,ng,45
天使,n,21
飛若,nr,2
眨眼,v,2
身上,s,21
光溜溜,z,2
轉角,n,3
過,ug,264
結,zg,2
開花,n,1
禰,yg,2
孔,n,5
龐快,a,4
前途,n,2
出賣,v,4
作,v,15
投身,n,3
釣,v,4
問題,n,8
檸檬詩,n,1
譫語數,n,4
掐,v,1
白晝,n,11
血滾,z,3
想起,v,23
狂,d,19
石火,n,2
走,v,134
如其,c,1
邁進,v,1
興奮,v,2
親朋,n,4
心跳,v,6
酸,n,1
麗,nr,2
回扣,v,3
飯日,t,6
支配,vn,2
包圍,v,2
被動,d,1
響徹,v,6
手撫,n,8
齒輪脈,n,3
當海,f,4
消化,vn,5
翅膀,n,40
炎,n,1
餓,v,3
那麼,r,58
煩,v,8
賢妻,n,2
別,d,55
張開雙,nr,3
響得,v,1
馨,ng,5
不過,c,6
海上,s,3
無聲,m,4
土地,n,3
笑容,n,12
躲,v,20
生,vn,10
不堪,v,10
汪洋,nr,11
不停,d,14
瞭解,v,18
總,b,24
蛋,n,4
語,ng,4
滴,n,2
放出,v,7
漏水,n,2
葉,n,2
漂流,a,18
言寄,nr,6
嘹亮,a,2
事在,t,1
星,i,2
絕色,n,2
化成,v,21
弦月,n,2
幻象,n,4
梢,ng,2
唯愛,b,1
像,v,186
空缺,a,1
各站,r,5
蔓延,v,42
照亮,v,4
頭上,s,3
察覺太,nrt,2
永恆河,nz,1
畫面,n,26
童年,t,9
離,v,29
寧靜,nr,8
星空,n,4
挑逗,v,4
重重,a,3
對待,v,2
漂浮,v,31
上山,ns,4
逞強,v,4
看蓋,v,2
屋檐,n,2
送走,v,4
眾星,n,2
劃破,v,2
喜悅,a,6
葬,vg,2
心事,n,3
集體,n,5
錄下,v,3
敏感,a,2
放到,v,4
頭,zg,1
不可,v,14
變成,v,72
同,p,20
文,ng,1
青蛙,n,2
一碗,m,2
甲白頭,n,6
當道,v,4
鉛筆,n,2
同款,n,2
熱烈,a,2
麻煩,an,6
言走過,nr,2
那種,r,9
夢,zg,10
無言,v,2
物線,n,3
公正,nr,3
迷戀,v,2
蝴蝶,n,36
川,j,2
漂亮,a,14
太,n,8
萬,m,5
線索,n,7
不及,c,6
澱,yg,8
愉快,a,4
搖曳,v,8
枯死,v,7
痛苦,an,9
炙熱,a,2
全球,n,4
腦袋,n,4
音樂飆飆飆飆飆飆飆飆飆,l,1
調味得,v,7
期盼,v,2
超載,v,4
低頭,v,2
但,c,26
作祟,v,2
感動,v,8
楊,nr,1
烏,nr,4
紅,a,23
運走,v,2
美好,a,44
蒸發,v,6
眼裡,s,3
快亮,a,2
幽浮,a,4
踩入,v,2
來說,u,3
同歸,v,2
深深,b,11
初衷,d,2
編,v,2
直覺,n,5
容貌,n,4
糧,n,1
也常,d,2
心好,a,1
長長,z,6
奪,v,5
甘願,n,8
遊戲,n,19
相對,d,2
青東,ns,4
掉頭,v,2
如春,t,2
香格里拉,nrt,2
靶,p,2
陷害,v,2
字眼,n,3
鷽,zg,1
落下,v,1
踏空,n,6
太陽,ns,29
滾出,v,8
搖晃,z,3
一生一世,l,10
出自,v,2
澆,v,5
飛魚,n,1
瘋,v,6
世俗,n,4
經歷,n,4
和,c,127
雨水,n,14
簡單,a,29
積水,n,4
莊周夢,nr,3
躲會,v,3
偶然,d,2
真理,n,3
膚,ng,2
渴盼,v,3
歐歐,ns,6
誘惑,v,2
獅,ng,2
追逐,v,4
心中,s,24
游樂,n,4
得不到,v,2
混沌,a,2
海洋,ns,27
回憶,v,19
感到,v,10
脫下,v,2
暈眩,v,2
法律,n,3
啞更聾,i,2
投情,n,1
小灰,n,1
拉不下,l,2
崩塌,v,2
劃下,v,4
彩券,n,4
一臉,m,6
更多,nr,2
動態,n,1
午夜,t,4
相連,v,2
候心,n,3
春,n,4
寫藏,v,4
海浪,nz,9
意念,n,2
慷慨,a,10
就要,d,5
回應,v,9
瓦解,v,2
著,v,78
稠悵,a,1
聞毀,v,3
嚥,y,7
佈,zg,2
明年,t,3
任,r,4
森林,n,9
睡,v,40
因,p,14
入,v,2
陰晴,nr,4
框架,n,3
看見,v,41
永恆,z,27
輕易,a,5
揮,v,9
仰,v,2
南徵,nr,4
極,d,8
跳入,v,2
無論,c,11
詩登登,nr,3
樂好,a,3
幻,vg,4
出,v,62
寶貝,nr,6
千萬,m,2
推翻,v,3
中間,f,7
越多,d,4
心上,s,14
遺囑,n,2
鞋,n,7
論,v,2
一首歌,m,12
如蔥蔥,i,2
地亂,n,2
解出,v,4
栩栩然,i,3
枯,v,2
兌現,v,4
最爛,a,5
冬夜,t,3
黑洞,ns,2
溫柔,nr,2
還,x,14
灰色,n,2
打通,v,4
無謂,v,4
手術,n,2
憤慨,a,4
呢喃,n,1
窩,n,13
來,v,148
腐壞,v,4
足,a,2
冬天,t,10
共渡,v,2
有救,v,5
拜,v,2
冷若冰,nr,2
總,n,2
甘心,n,4
麵,zg,1
扣著,v,3
走高,v,9
最爽,a,2
空房子,n,4
光線,n,8
情,n,13
成長,v,12
花梗,n,2
灌溉,vn,3
感受,v,11
失望,v,6
醜惡,a,8
般,u,15
神態,n,2
著車,n,3
黑,a,33
悲哀,a,10
透,v,5
靈和,a,2
稱謝,v,6
燃燒,v,7
聚,v,2
要死,v,2
想現,v,1
盡,v,19
不掉,v,8
口,q,11
呢,y,16
眼角,n,9
照,n,2
當,t,4
承受,v,5
韶作,ns,1
否定,v,10
苦,a,11
是不是,l,36
丰姿,a,4
拉長,v,4
這場,mq,12
受傷,v,5
夏宇,nr,4
棵,q,5
一起,m,45
緩緩,v,2
俄然,d,3
翻,v,5
甚至,d,15
前奏,n,3
狂人,n,2
交織,n,2
上帝,n,13
患,v,2
吹亂,v,4
者,k,3
遮過,v,4
了,ul,807
恩愛脫,nr,2
到紛,d,8
看,v,167
智慧,nr,4
名,q,7
下班,v,8
出能,v,2
拉開,v,11
海水,n,8
在看,u,1
落噓,v,2
習慣,n,8
地上,s,18
理所,n,2
一趟,m,6
語,v,1
哼著,v,4
反覆,v,26
倥,x,14
深水,ns,13
逼成,v,2
深遠,a,5
知多少,l,8
逃學,v,2
末,f,9
逝去,v,29
窗家,n,4
醒來,v,9
芬芳,nz,16
男,b,8
某刻,r,5
平息,n,4
為,p,74
泡嗝,n,6
說,zg,3
凋謝,v,6
千秋,nr,9
有鐘,nr,1
左右,m,7
不經,d,1
春風,n,4
因此,c,2
興孤獨聲音飄零一,i,2
千萬里,m,2
再撐,v,2
無,zg,2
命令,n,2
正妹,n,2
花無語,i,2
肯定,v,6
當然,d,2
傷心,n,7
下去,t,2
潛,v,3
天,n,4
汝,rg,2
卻,zg,12
濃縮,v,2
癡,yg,3
用力,n,20
活成,v,2
用功,n,2
冬瓜,n,1
燃起,v,6
旋轉,v,8
回想,v,6
延續,v,3
一路,m,14
萬物,n,2
風兒,n,4
掀起,v,5
長,a,47
零,m,6
蘋果,n,9
腳步,n,11
表情,n,5
要,v,129
落點,n,2
假,a,2
鏗,o,4
離別,v,2
謝謝,v,10
倔強,a,17
博來,v,2
破曉,v,8
纏,v,2
是否是,l,3
燕京,ns,1
母帶,n,1
心肝,n,5
不能自己,i,6
布幔,n,4
苦澀,a,1
爆裂,v,2
墨色,n,2
航線,n,5
玩,v,3
完美,a,21
快未,d,1
被,p,190
著火,n,5
表演,v,17
發呆,v,1
醉,v,8
傳頌,v,6
吉陪,nr,6
靜靜,nr,6
剝離,v,7
綹,q,4
餵,v,4
傻,a,19
缺,v,4
沒有,v,195
咱路,r,14
最終,d,1
惡,a,18
天氣,n,6
燒傷,v,4
吐出,v,2
一季,m,2
吉普,nr,4
盡頭,d,11
花果,n,6
心情,n,5
不可捉摸,i,3
金,ng,4
耳邊,s,21
默默,d,9
速食,n,3
遲疑,a,2
落空,n,2
囥,zg,1
一艘,m,2
乏味,a,2
群魔,n,2
細菌,n,15
距離會,n,2
越發,d,1
可貴,a,3
地懶,n,6
痴傻,v,2
交替,v,10
周,nr,9
滯,vg,7
浮,v,12
簾,q,4
意思,n,3
身材,n,2
天才,n,2
晴,v,4
濃正,a,3
驚醒,a,8
緹,g,1
手臉,n,10
未了,t,15
水珠,n,4
恍惚,a,3
咪疊,nz,2
候,v,9
澎湃,v,5
耶然,nr,1
與,p,66
微光,n,2
天花,n,4
名歌手,i,1
滾滾紅,z,2
早已,d,17
大樹,n,3
淚眼斑駁,l,3
香,a,3
劇烈,a,8
價格,n,5
託,zg,10
視,vg,11
靈魂,n,31
貘,g,3
流通,vn,5
不是故意,i,1
有心,a,3
星,n,13
正直,d,3
阿福鍵,nr,1
鬚,zg,3
冰冷,z,11
帶來,v,20
三百,m,4
之,u,32
抽屜,n,8
跪著,v,4
笑點,n,2
充滿,v,17
涅槃,ns,2
跌進,v,3
神音,n,2
名字,n,4
該,r,20
音飆飆飆飆飆飆飆飆飆,l,1
騷,a,9
宋希於,nr,1
微弱,a,2
午睡,v,4
午餐,n,4
阿,j,6
撕裂,v,3
瞳孔,n,16
潛意識,n,3
扇,q,2
掙扎,v,8
曲折,a,5
碰到,v,3
轉著,v,8
墨漬,n,3
數,m,4
裡人,nrt,2
多少,m,41
組成,v,14
最大,a,7
煽動,v,1
潑,v,6
飛唱,v,4
扣成,v,4
花朵,n,17
正確,ad,2
茫茫,z,2
提供,v,2
歌曲,n,5
主題,n,1
湯,zg,2
著傷,v,2
大夢夜落不覺,i,2
碰壁,v,2
更,d,58
紀念,v,9
似乎,d,4
狼,n,11
邊緣,n,1
摘下,v,5
這個,r,37
樂,a,18
忽略,d,10
著,n,19
糖分,n,1
浪費,v,8
身手,n,4
踟躕,v,5
藍天,n,1
汝,nr,1
導,v,2
濕臟,n,1
間,m,11
隕,vg,3
拋棄,v,2
胡蝶,nr,12
傷口,vn,11
過癲,v,1
能離,v,2
開滿,v,4
天鵝頂上,nr,4
卑微,a,5
露水,v,2
夠,v,15
狠要,d,3
麥,nr,2
曠古,nr,8
用,p,34
滴滴,n,2
虛偽,a,4
蟄睡,v,4
全身,n,2
放光芒,n,4
相忘,v,2
戲,n,18
風吹來聽見雲散,i,5
麼,nr,2
狂想,n,1
麗,vg,7
撫摸,v,2
不在意,i,3
沙風,nr,2
很久,a,3
哀艷,a,12
幻想,n,43
枯萎,v,9
自找,v,7
蘆笛,n,7
全世界,n,6
夏天,t,27
恆,nr,7
陳列,nr,4
始,vg,4
一盞,m,4
阿躲,nr,1
依據,p,1
閱讀,v,1
閉上,v,2
情願,n,8
迷走,v,3
發售,vn,2
無數,m,12
魂手臉,i,2
最,a,4
放給,v,3
沖散什,nz,2
地想,n,2
聽著,v,8
弄,v,3
慈悲,a,3
了不起,v,4
陪,v,10
整季,b,2
惱,v,6
淺薄,a,3
殘留,v,8
柔能,n,2
凍結,v,3
停靠,v,5
棉絮,n,2
真實,d,8
未來,t,35
流出,v,4
飲用,n,4
漫天,z,2
就是,d,36
龔,nr,3
過雨,n,2
灰塵,n,2
清,a,2
主,n,1
綿延,v,8
轟動,v,4
處子,n,2
完,v,12
豔,y,1
沿路,n,4
祂,y,1
棄,vg,4
廉價,a,4
丟下,v,6
倒頭,v,2
寂靜,a,4
安心,v,7
終點,d,9
休息,v,9
會妝點,n,3
增添,v,14
來怕,v,2
電視,n,3
笑著,v,2
掐成,v,7
立下,d,2
情傷閣,n,2
絕不,d,2
臉,x,9
石岩,n,2
遠近,d,2
不屑,v,4
魚群,n,3
下線,n,3
管感,n,2
牽手不驚,i,2
法都,ns,2
交錯,v,11
半,m,2
巷口,s,3
淋著,v,6
理由,n,4
葉,nr,12
喉間,n,2
逍遙,a,3
太重,n,4
個本質,n,3
灑,v,5
濃煙,n,4
著醒,v,5
勸,v,2
蹣跚,v,5
攤開,v,4
麻醉,nr,2
神奇,a,2
好比,v,6
誓言,n,6
曲小芬,nr,1
編號,n,4
太多,ns,3
不對,d,2
嗨,e,1
城市,ns,62
盪,v,2
樂器,n,1
開不,v,3
寶貝,n,1
南徵夢,nr,1
青,n,2
成篇,n,2
戀,zg,4
玩弄,v,8
要去,v,2
卻先,d,4
牽,v,29
脫,v,2
抱,v,7
言,vg,24
最,d,78
戒,v,2
埋伏,v,2
砌,v,2
不快,d,5
．,x,4
崇拜,nrt,4
第一次,m,2
飆飆,n,4
夢想,n,9
出海,v,3
中提琴手,n,1
總是,d,2
天性,n,3
同樣,d,6
管,v,18
女人,n,4
修剪,v,2
夢,n,214
圍,v,1
拋開,v,4
釀夢,v,1
雲悠遊,nr,4
清淡,a,4
牛兒仁,nr,1
適志,n,3
學會,n,4
種,x,3
戰,vg,2
放開,v,5
成堆,n,2
正在,t,3
常,d,2
濃烈,a,4
倒掉,v,4
髒,y,10
跡,n,2
電話,n,2
一整夜,m,2
流進,v,9
要不是,c,8
冷漠,n,2
不翼而飛,i,2
哀,vg,16
戰鬥,vn,3
自慰,v,2
街上,s,4
浪花,n,4
擊掌,v,2
酒,n,6
流動,vn,12
歌吟,v,3
使者,n,4
恣意,d,2
某天,r,5
著爛,a,5
住井,n,1
吐著,v,4
念頭,v,3
開想,v,4
若,m,1
母夜叉,nr,3
落成,v,2
浮生,v,4
不如,c,28
黑晝,n,4
讓,v,252
佮,zg,1
如年,t,11
上班,v,8
不得,v,9
融化,vn,3
靠著,v,3
一整天,m,2
變塵,v,2
鬼胎,n,4
告別,v,11
平凡,a,6
美麗,ns,3
這分鐘,mq,4
遼,j,1
凱路,nz,2
拂去,t,9
信誓旦旦,i,3
七,m,6
無聊,a,4
落英,n,4
踩著,v,6
光速,n,4
純粹,a,3
有,v,382
錶,yg,1
終究,d,1
最美,a,11
笑了笑,l,3
小,a,21
美,j,19
風浪,n,3
飛請,v,1
醒,v,28
信念,n,8
端,v,2
別人,r,10
伙,q,2
花蕊,n,3
供,v,2
一篇,m,2
顏,n,2
還是,c,27
一股,m,2
煮沸,v,2
喘息,v,6
黑暗,z,14
時代,n,12
隨,d,3
自憐,v,6
幾何,r,8
埋名,v,3
出草火大風大中曉,i,2
心房,n,4
睡著,v,4
家,q,2
多年,m,9
青絲,n,2
最初,t,2
水面,n,4
池果,n,2
麻雀,n,3
譁,yg,2
車,n,2
迫症,n,2
有夜,nr,8
眠,vg,3
叮嚀,v,3
陳大慰,nr,3
堅持,v,11
情節,n,14
半醒,v,6
唯一,b,2
六角,m,4
狐,nr,1
已來,d,6
燒,v,2
睏,zg,3
街,n,20
睡去,v,4
扛,v,4
上升,v,5
毛小,nr,1
廝守,v,3
逃,v,8
經過,p,2
另,r,21
處處,v,3
雨,n,47
愚昧,a,6
幽靈,n,4
捱,zg,9
喉嚨,n,2
樂當,a,5
髒,zg,10
了以,v,2
暴風雨,i,5
刻下,v,10
自由自在,i,4
一首,m,17
慾,yg,20
嘆息,v,11
毒,v,4
畫布,n,10
霓虹,n,6
下午,t,12
執迷,v,2
紅燈,n,5
月,m,55
憔悴,a,2
視窗,n,4
夏季,t,5
雲煙,n,9
性感女,n,2
脫軌,v,2
操場,n,2
倒,v,7
代替,v,9
此刻,r,6
離放,v,1
肝,n,4
那個,r,18
毋甘願,i,1
日光,n,12
昇,yg,4
預演,vn,6
背著,v,13
在,p,1148
招惹,v,7
枯黃紛,z,2
遺失,v,2
花,v,25
焉,v,16
那一邊,nr,1
看著,v,26
驚覺,a,6
成養,v,2
遺忘,n,2
去,v,125
憂鬱,a,10
捻熄,n,2
濃,a,4
寒冷,a,2
泅,v,3
斷,v,7
相看,v,2
曉,x,1
爆炸,v,2
細胞,n,3
列車,n,4
停留,v,3
切切,ad,3
韓,j,1
世間,n,2
深情,n,2
緊閉,v,10
願,zg,9
寒冬,t,2
換,v,11
美味,nz,1
潛伏,v,12
諂媚,v,2
適度,a,2
次元,t,1
瞎了眼,l,7
同時,c,7
光影,n,8
裝進,v,3
考卷,v,4
臉色,n,2
路,n,29
遲早,d,6
夜發間,n,2
柳,n,2
聲,q,19
太安,ns,7
淨,a,4
思潮,n,8
都,d,388
兼,v,1
活躍,v,2
計較間,n,3
狩獵,n,8
當看,v,8
攻陷,v,2
總難,d,2
溫情,n,2
推託開花不結果又有什,nz,2
光明,n,2
世界,n,205
暗自,d,2
佩佩,nr,1
圓,vg,6
無止,v,1
吹滿,v,2
矜持,v,6
聽,x,2
已成,v,4
刷白,v,8
星球,n,6
從頭到尾,i,1
下心,v,2
掙脫,v,3
讚,zg,4
ㄧ,x,2
早點,d,10
光照,n,3
原唱,n,2
變溫,n,4
懊悔,v,2
埃綠樹,nr,4
亮,v,10
抓,v,14
抓住,v,13
愛別,a,2
頁數,n,1
論人,n,4
逼上,v,4
迴,zg,11
盡管,c,2
毀,v,2
主人翁,n,3
願像,v,1
閃爍,v,5
拆,v,2
找到,v,11
簡磨,v,2
踉蹌蹌,z,2
擊,vg,1
唱唱,v,8
大多,m,2
襯托,n,6
洩漏,v,1
混,v,8
分界,n,2
臨盆比,ns,4
心思,n,8
曾元虎,nr,1
移動,vn,4
佐,vg,2
歡愉,a,3
記憶,v,2
交直流,n,4
哪,r,14
環遊,j,8
規則,n,4
濕婆,n,2
下得,v,2
好友,n,4
一致,d,2
淋濕風,n,2
幹,v,8
迎向,v,2
卻,d,137
倦意,a,8
偽,j,2
雷,n,2
出沒,v,2
只剩,v,2
豆腐,n,2
殘花敗柳,i,1
誠實,a,3
深林,ns,2
蝴蝶夫人,n,5
難解,v,2
聽來,v,2
龍,n,4
流入,v,2
吐,v,2
彼此,r,11
園,q,3
姚謙,nr,1
意,ng,2
樂飆飆飆飆飆飆飆飆飆,l,2
路途,n,6
枝,q,4
火辣,z,2
四季,m,4
白鴿,n,14
扣住,v,3
山水,ns,5
甦,zg,7
行人,n,4
地方,n,11
月球,n,15
反抗,v,2
黑白片,n,2
無恥乾,i,3
晦澀,a,10
場箭,n,2
戴,v,3
燕南,ns,2
撐開,v,2
詞,n,3
落葉,n,13
無悔,v,4
肆虐,v,3
只好,d,16
選在,v,2
係,zg,2
掌握,v,3
臉,n,92
投訴,v,6
病人,n,2
想著,v,19
比夜,d,2
設下,v,3
間韶,l,1
井中,s,2
無聲,d,3
半圈,m,14
地旋,n,1
上讓,v,2
撇開,v,8
爬上,v,2
透正,v,1
哭泣,v,26
啦,y,142
早餐,n,3
面藏,v,2
半輩子,m,2
只要,c,12
懸掛,v,3
想,v,249
碎玻璃,n,5
靜止,v,11
穀,yg,2
到盪,v,2
趕,x,6
紟,zg,1
發,v,8
好怕,d,2
小路,n,3
流,n,8
需要,v,36
帳號,n,2
蘇,j,6
一個樣,m,8
望望,v,7
尋,v,4
團,n,1
阡陌,n,2
亢奮,v,5
嚼,v,2
迂,a,2
將心,n,4
螢火蟲,n,8
溫柔,a,36
不好,d,14
微笑,vn,19
包著,v,5
讚,y,5
朝,n,4
美洲,ns,5
竄,v,3
一絲,m,12
牛彈,n,2
曲曲,n,2
火炬,n,2
朋友,n,11
修正,nr,4
梨子,n,1
滋潤,n,3
陳強,nr,1
蜜語,n,2
耳,n,13
有罪,vn,8
分別,d,9
旅人,n,6
光害,n,2
吻,v,3
勾起,v,2
零距,n,1
機裡,n,2
薄弱,a,2
流,v,3
出界,n,4
不大,a,1
及,c,8
不夠,v,2
親人,n,3
平靜,a,9
荒涼,a,2
屋,n,3
奪走,v,4
等著,v,10
往前,t,27
狼嚎,n,6
道,q,13
過去,t,20
道路,n,2
氣味,n,18
棘,ng,2
花被,n,2
驚濤和駭浪,i,4
情緒,n,31
生命,vn,78
遺,ng,2
習,v,2
花茶,n,1
兩,m,12
上過,v,3
只,d,103
無邪興奮真實,i,1
機械,n,2
復,zg,4
旋著,v,2
例外,v,16
唱合,v,1
她,r,63
光降,v,2
容易,a,23
擔憂,v,2
盼,v,2
線音,n,1
凍,v,2
一滴,m,10
任由,n,2
張開,nr,2
故事,n,27
有點,d,2
寫下,v,11
脈,ng,3
痴嗔,v,4
更動,d,3
髮,zg,26
根本,a,2
想不到,l,2
泡影,n,8
交響,vn,2
忽然,d,32
嘴邊,s,9
地舞,n,2
侗,j,14
沈,j,4
暝,g,3
淡去,v,8
水馬龍,nr,4
放大,v,4
正午,t,2
沒成,v,4
洗澡,v,2
數位,m,4
無聊,i,12
姑娘,n,6
橄欖枝,n,4
彼得,nrt,1
撫息,v,3
漬,v,6
奮不顧身,i,6
交給,v,4
抵,v,3
專輯,n,12
德,j,2
一朵,m,14
再也,d,19
晃到,v,2
證明,v,4
眼,n,39
忍耐,v,2
打破,v,2
沈默,nr,42
金色,n,2
駭人聽聞,i,3
傷,n,3
暴風煙,i,3
墨,n,2
火車,n,4
拼貼,v,2
落放,v,2
分割,v,2
雲霄,nr,8
活埋,vn,6
再來,d,6
動,n,3
協,n,3
步,n,4
生病,n,4
真心,d,9
一束,m,3
聞,x,2
歡活,a,2
強盜,n,2
孤,a,2
耗盡,v,2
全,a,4
剪,v,2
曠野,nr,9
一杯,m,12
獨島,ns,2
揚鑣,nr,8
擱,v,38
往右,n,1
沒,v,45
猜測,v,3
訊,ng,10
隱居,v,2
金手,n,3
空,n,6
未讀,v,2
一遍,m,2
裝著,v,2
亂,d,32
悔改,v,2
把,p,46
必要,d,1
後,nr,247
吞沒吞沒吞沒,i,1
向,p,10
進來,v,3
輕浮,a,8
往上爬,v,1
快投,j,2
沖,zg,4
著韻律,n,4
三千,m,2
擁擠,v,4
白日,t,7
飛過,v,7
昨日,t,14
綠,a,2
拋空,v,3
笨拙,a,4
發燒,v,6
蒼蒼,z,2
監制,vn,3
戲念頭,n,8
昏黃,z,2
發燙,v,3
新,a,18
人舞,n,2
阿龔見,nr,1
演越,v,2
強,a,3
頹,vg,2
預見,v,5
挖空,n,2
芭蕾,n,6
無人不病,i,8
爭從繽紛,i,8
這,r,180
汝有仝,nr,1
拍賣,v,5
春日,t,2
重,m,2
厭倦,v,2
盒,q,2
溫暖,an,10
修,v,2
知覺,v,2
落日,n,6
地帶,n,2
仿若,v,2
李,nr,1
菸,y,4
託,y,3
仍然,d,8
伸手,v,4
講話,v,3
用要,v,1
關,v,2
肺葉,n,4
生長,n,2
腐爛,v,3
轉腳,v,3
鋪,v,2
愛著,v,10
還在,v,1
濕透,v,4
究竟,d,4
腳,n,18
曲,q,6
鴨炎,n,1
勇敢,a,5
旅行,vn,2
島,n,8
菩提,n,2
仇恨,n,2
白,a,12
豔,zg,24
一,m,69
迄一工,l,1
成就,n,9
沾溼,v,2
求求,v,8
同性,n,4
掉,v,10
經驗,vn,2
蹉跎,v,6
盛開,v,11
再起,v,7
桑田,nr,6
記,v,15
時機,n,2
御,vg,1
縱,v,8
鐘表,n,1
索,nr,5
哥倫布錯,ns,2
咧,v,1
玩,n,3
可否,v,4
有多無奈,i,7
退縮,v,3
傷痕,n,10
烏雲,nr,5
困難,an,7
玫瑰,n,19
羔羊,n,2
盲目,n,8
隻,zg,27
山中,s,2
音符,n,1
高貴,a,4
這麼,r,27
耳際,n,9
每一分,d,4
神經,n,5
不管,c,37
目光,n,5
牠,zg,3
窗前,s,6
梧桐,n,4
第幾次,m,4
貓咪,n,4
角度,n,2
慢,a,5
燕,nr,3
達,zg,2
蝶,nz,2
盡頭追一葉舟,i,4
日,j,4
洗澈,a,2
不容,n,4
犯,v,1
遊樂,n,5
蝶,ng,1
劊子,n,4
為,zg,20
陳明章,nr,2
國色,n,2
飛去,v,4
潑濕,a,4
死而生,i,2
不安,a,11
次數,n,2
伴侶,n,2
混著,v,4
亭亭,n,4
消磨,v,4
費,v,2
留守,v,2
操縱,v,8
電,n,3
胡思,nr,4
鑼,n,2
安排,v,2
不定,d,3
解脫,v,5
身旁,s,11
耶耶,nr,3
河川,ns,2
按,p,9
千,m,2
野獸,n,4
嚐,yg,6
閒,x,2
不可或缺,l,6
來來,v,3
清楚,a,16
游戲,n,1
誘,vg,2
期待,v,17
家眾,n,2
外面,f,1
變調,v,6
夥,g,1
吧,y,23
至於,i,3
東方,s,4
看臉,v,1
夢葉,n,4
句點,n,4
堅決,ad,6
疲憊,a,2
簷,ng,3
淵,ng,3
馴服,n,2
一朝,t,2
新鮮,ns,15
音室,n,1
來近,v,1
分道,v,8
原罪,n,4
雷聲,nr,2
懷裡,s,2
復,y,2
捉,v,7
染色,n,6
一口,m,27
指定,v,1
信箱,n,2
問現,v,1
嗒,o,1
明白,nr,20
星光,n,4
蛭,g,2
虛,d,2
拆下,v,2
島嶼,n,5
低吟,v,4
廉價,n,4
離情,n,2
浩瀚,a,1
受害者,n,4
天真,nz,20
受夠,v,3
大自然,d,2
陽光,nr,8
歌頌,v,2
止境,n,13
升起,v,2
蔚宇嬰,nr,1
慎芝,nr,2
大馬路,nz,2
苦痛,a,8
妥協,v,6
魅影,n,4
哼,v,2
上面,f,4
不到,v,22
陣亡,v,2
堆成,v,7
哪赫爾,nrt,1
梅,nr,2
繩索,n,4
剛剛,d,2

,x,178
手中,s,23
騎,v,3
破碎,v,10
毒藥,n,4
揚起,v,2
視著,v,4
古怪,a,2
計謀,n,5
音場,n,4
針轉,v,8
唱歌,n,11
看聽,v,1
未解,v,6
照著,v,8
青,a,1
惚,x,2
細節,n,16
過過,v,3
只,m,5
手上,s,4
剩,l,6
人長,n,4
行囊,n,3
一支,m,6
斷腸人,i,4
順便,ad,3
閃電,v,1
狂歌,n,2
要長,v,9
帶,v,18
一樣,d,4
限量,n,2
跌落,v,2
欺騙,v,15
顛倒,v,11
哀愁,a,3
裹足不前,i,2
擺脫,v,3
拉,v,6
明知,v,2
得體,a,3
人能,n,6
搏,v,5
滿分,d,2
兒頭,n,1
拆穿,v,3
流域,n,2
群花,n,7
裂痕,n,2
腳下,f,7
不壞,v,5
十日,t,2
馴獸,n,3
善感,n,2
獨,d,2
濫,ad,7
麥稈,n,2
沾濕,v,2
富有,v,5
詩,n,6
輕繽紛,i,4
休止,v,2
蒐集,vn,3
戰日,t,2
學,n,7
建立,v,2
時,n,5
忍藏,v,4
小丑,nr,6
空間,n,15
活該,v,5
節,n,3
絕對,d,2
擦傷,v,2
發現,v,55
咬一口,i,3
人性,n,4
對,p,84
白費,n,5
融雪,vn,2
相濡以沫,i,3
走廊,n,7
非是,d,2
學現,v,2
洗,v,2
得撐,v,4
殘,a,4
望,v,37
固執,a,7
捉弄,v,2
心終於,i,2
媛,x,4
提早,v,2
紅鞋,n,14
消失,n,31
呻吟,v,3
痊癒,v,2
寶藏,n,7
總得,v,2
對著,v,12
撲,v,2
先,d,5
稻草,n,3
黑亮,nr,4
疼,v,2
更遠,d,1
不成,v,4
大海,ns,7
文化,n,4
描繪,v,3
千重,m,2
日月,t,3
候要做一,nr,3
仍,d,3
齋,ng,2
超人,n,2
奏,v,5
明日,t,7
這雙,r,2
風有雨,i,6
當初,t,12
掌聲,n,1
每,r,24
通通,vn,7
澱,zg,13
慢半拍,l,2
染上,n,2
最高,a,5
忠,nr,2
季,q,2
飛到,v,2
窗口,s,18
戰場,n,5
輕輕,d,7
理解,v,4
樂所,n,4
遲來,d,2
睡意,v,8
幾,zg,4
指控,vn,2
星群,n,8
上癮,v,4
衰老,a,4
西,f,2
鬧區,n,4
冰雪,n,6
動,v,9
亮起,v,4
命,v,2
行歌,n,2
冷淡,a,8
退,v,2
情意,n,8
習雷,n,1
記憶盤,n,8
心碎,v,2
權力,n,2
人群,n,3
往事,v,10
爵,n,1
首歌,n,2
舌,n,5
凌晨,t,14
作伙,v,1
貓,n,4
裡,zg,2
太多人,nrt,3
情愛,n,2
行為,v,3
鐘,n,33
時,zg,2
負責任,n,2
停下,v,6
江流,ns,4
眼底,t,8
誰,zg,11
輪,q,6
一種,m,13
爬,v,9
星辰,n,16
頰,ng,1
病房,n,3
更迭,d,3
河河,ns,2
減肥,v,2
分享,v,19
從此,c,4
懷中,s,3
痛哭,v,2
臉閉上,n,2
狂妄,a,2
小小,b,3
戀成,v,1
天空,n,70
髮,y,4
重傷,a,6
萌芽,v,4
靜靜,z,6
現場,n,3
姓名,n,4
不斷,d,10
濕,x,3
散落,v,11
留語,v,6
語言,n,31
飛越,v,6
飛,x,24
麻木,nr,10
烏,j,8
極限想,n,3
支撐,v,4
知名,v,2
間奏心,n,1
低下,v,4
掌心,v,2
耐,v,6
這段,r,6
苦楚,a,6
人心,n,5
河,ns,2
泡成,v,4
陳其鋼,nr,2
責罵,v,3
念,v,9
年,m,28
無情艷陽,i,4
摸,v,6
世人,n,2
花絮,n,2
美色,n,2
事業線,n,2
滿,a,15
要命,v,6
吃,v,22
趕,d,2
窗,ng,20
摩西,ns,4
不敢,d,10
往上,d,1
曠野,n,5
昏,v,8
嘴想,n,2
狂奔,v,7
蒼老,a,11
明星,nr,6
懂,v,31
輕,a,28
虛構,n,7
十多里,m,2
傻了眼,l,1
大魚,n,2
大聲,d,12
纖細,n,10
當時,t,6
微末,n,4
飛起,v,1
慢慢,d,19
心頭,s,8
胸膛,n,16
相時,d,4
手冊,n,2
倫,ns,15
永遠零,z,3
倘若,c,2
之間,f,36
鐘,zg,2
兩手,m,8
抱怨,v,8
張,q,16
道歉,v,2
牌子,n,4
憶,vg,9
改,v,2
就快,d,2
閉上眼韶,l,1
以,c,2
玩味,n,2
相處,d,3
過程,n,3
三千丈,m,2
藍雨雨,nr,1
廣闊,a,2
小星星,nr,11
開在,v,1
束奶澎,nr,2
流行,v,3
收音,n,2
當是,d,3
將融,n,2
諸葛三,nr,2
何,r,2
加強,v,3
生旦,t,4
留,v,11
準備,v,11
包覆,v,2
人影,n,4
空,a,6
微微,d,6
風霜,n,6
溫室,n,8
快快,d,4
冬,tg,4
火,n,13
撒旦,d,2
過來,t,20
或許,d,39
米,q,5
罵,v,6
辛苦,a,2
艷,a,2
懶,a,46
傷無法,i,8
成學,n,2
傷悲,a,4
控制,v,31
閃,v,9
裡面,f,31
春天,t,16
安睡在,n,2
其實,d,14
順,v,3
痛痛,a,1
寄,v,9
假愛,v,2
吆喝,v,2
痛關,v,2
裡,f,102
風雨,n,6
笑聲,n,4
井,n,1
演,v,4
引自,v,1
要過,c,5
飄著,v,8
飛泉,nz,2
賴著,nr,4
投靠,v,3
一言不發,i,2
誤點,n,2
折磨,v,6
嗚,o,2
輕薄,a,2
彎彎,v,2
心肺,n,2
停泊,v,3
閉起,v,1
物論,n,2
打昏,v,11
漫延,v,1
個,m,20
耶,j,4
榻,n,5
村莊,n,3
加點,n,1
伸出手,v,9
氾,y,7
飛貓,n,2
家裡,s,5
炫耀,v,2
雅,ag,1
顆,q,7
淒涼,a,2
崩潰,v,5
通了,p,4
淪陷,v,7
拍,v,9
綻放,v,11
擦乾,i,2
嗩吶,n,4
難挨離騷,i,2
昨天,t,19
關心,n,1
受,v,16
永,d,7
照,v,2
發洩,v,2
胡,nr,10
報到,v,2
其它,r,1
下雨,v,5
顧,v,6
角膜,n,4
遍布,v,1
兩排,m,2
成蠟燭,n,1
遠行,v,4
摸清,v,8
充滿,a,14
官方,n,1
節制,n,3
失焦,v,2
嚐,y,4
意外,a,4
電光,n,2
公尺,q,2
比較,d,3
叢花,n,2
和弦,nr,2
墜毀,v,2
曾經,d,44
傷口,n,7
血,n,4
歸巢,v,6
合讓,v,1
沖,y,1
掌,n,4
痕,ng,5
右邊,f,5
走向,v,8
這條,mq,6
重新,a,4
北,f,5
身體,n,13
一定,d,19
有所,n,3
越來,d,4
裝飾品,n,2
一則,m,5
了馨儀,nr,2
假設,vn,2
春,tg,11
莖,n,8
手舞足蹈,i,6
肉眼,n,6
鄰居,v,2
比,n,1
爭,v,2
兩個,m,15
邪惡,a,4
報,n,4
禰,zg,5
不著,v,4
多數,m,2
悶,v,1
求現,v,4
疲累,a,6
夢魘,n,3
漿,n,3
沾,v,9
嘿嘿,o,20
啃,v,11
詭譎,a,9
再加,d,1
回回,v,3
掩埋,v,3
累贅,an,2
所有,b,77
才,d,70
家,m,6
條魚,n,2
尤賀志,nr,2
塞,v,4
重覆,v,2
萬里,m,10
黏,zg,2
十字,nz,4
時間,n,95
不落,v,3
雨季,t,9
遺失,n,4
糞,n,3
散,v,5
雲梯,n,4
憂傷,v,4
數峰,n,4
這裡,r,50
相會,v,3
躲避,v,14
解禁,v,4
集中,v,4
歡笑,v,1
場景,n,2
多放,v,3
敲,v,5
鬼魂,n,2
靦腆,a,2
笑哈哈,z,1
邊車,n,4
享音,v,3
樣子,n,6
賴賴,v,2
使,v,21
猙獰,a,4
刀,n,1
隱姓,n,3
直線,n,2
起來,v,13
鬆,y,4
煩惱,a,32
中,f,127
反撲,v,3
而,c,92
徬,x,18
廢鐵,n,2
揉碎,v,4
趕,v,9
重見,a,2
化,v,4
卡森,nr,1
無常,d,2
沸騰,v,4
自大,a,2
面容,n,11
忍者,n,1
反射,v,3
平安,a,2
青作,n,1
燦爛,a,4
詬病,n,4
相識,v,2
浪跡,n,6
跨越,v,6
海妖,n,3
白起,nr,2
只有,c,30
一場,m,31
機器,n,4
周之夢,nr,3
肩膀,n,13
天堂,n,28
逆著,v,8
漾,v,6
屏息,n,2
搓成,v,1
一顆,m,14
牽手不驚艱苦,i,4
筆,q,4
一塊,m,3
拋,v,5
放晴,v,6
臉孔,n,2
仔細,ad,8
街坊,n,2
根,q,4
過活,v,2
千江,ns,2
解藥,v,4
研究所,n,2
藍色,n,7
薛西佛斯,nr,4
內,zg,2
田野,nr,4
話題,n,4
糟,v,4
覺曉,v,2
握,v,5
天天,t,4
窺,vg,2
日,m,19
衣服,n,10
夢境,n,22
告訴,v,3
江水,ns,10
也許,d,24
偉大,a,17
蔑要,v,2
早,a,2
著訴,v,3
圖書館,n,3
遇過,v,2
不甘寂寞,i,5
披著,v,2
熬成,v,2
本能,n,2
陽光,n,8
運神,n,2
彩虹,nz,32
桀驁,i,2
故鄉,n,2
渴望,v,37
角色,n,6
悠游,v,7
深夜,t,8
搏,vg,3
有誰會出現,nr,1
齒,n,2
能夠,v,20
淪喪,vn,5
鎖,x,2
多麼,r,6
原來,d,10
飛轉,v,2
時刻,n,2
墜,v,6
從,p,102
父子,n,3
兵會,n,2
容顏,nr,1
風擦,n,2
捆,v,1
來去,v,8
耶耶耶耶,nrt,1
蠟燭,n,3
瓊,j,3
夜,t,9
鬱,nr,2
偉,nr,7
一字不差,l,2
嘴唇,n,3
替開,v,2
忙著,v,2
距離,n,23
了隨,v,4
無瑕,z,3
利如,v,1
開啟,v,8
擔心,v,16
應酬,v,2
今夜,t,8
小鎮,n,2
哄,v,6
有感,a,2
密,a,5
一個家,m,6
手,n,83
緊,a,8
尾巴,n,3
背,v,12
冬,t,1
淹,v,4
離島,n,1
特權,n,2
逼面,v,2
王舒屏,nr,1
有意,v,2
正字,n,1
帆情,n,1
打出,v,2
活在,v,7
拉著,v,3
粗糙,a,7
攤,v,3
虧,v,2
追著,v,8
世氣,n,6
自身,r,2
幾回,m,3
街角,n,2
密密麻麻,z,1
墜落,v,18
孤寂,a,25
矮,a,2
面孔,n,2
平,v,1
異次元,nz,3
今天,t,28
暐,zg,1
書,n,1
好像,v,10
凱木吉,nr,1
懸崖,n,4
握手,v,16
與,zg,3
溫暖,nr,2
迷霧,n,4
一天,m,29
嘲笑,v,4
費力,n,2
比起,v,3
逐漸,d,19
糖,n,7
核對,v,1
快對,d,9
腳步聲,n,2
有點詞窮讓四,nr,4
只是,c,74
驚心動魄,i,3
天央,n,3
飛車,n,2
不曾,d,25
有情,n,3
夜,tg,32
一夜,m,12
少年,m,2
來到,v,7
存在,v,30
早晚,t,6
攤,n,12
禁不住,v,4
隨,v,51
這樣,r,58
再過,c,5
阮,nr,29
魔幻,n,2
一把,m,4
大夢夜落,i,2
晃動,v,2
貝斯,nr,1
迎面,d,4
勁,n,4
埃,j,4
警察,v,2
冷,a,8
褪去,v,3
餵養,v,4
制,v,1
感染,v,12
長久,d,1
藏,j,4
揮不去,v,4
檢查,vn,2
多枝,m,4
那些,r,17
法,n,2
流透,v,3
雙,n,3
聰明,a,8
繞,v,3
透明,v,12
牽著,v,6
男憂,n,1
眾神,n,4
試,v,2
叫,v,11
豪,n,1
搓,v,1
嗯,e,8
認識,v,2
摔碎,v,4
進入,v,2
吹熄,n,2
模式,n,4
製,zg,4
乾,j,14
寬心,a,4
匆匆,z,17
初經,d,2
釋斷,v,4
很,d,59
忘言,v,4
秋水,nr,4
埃,ns,2
攏,v,11
手銬,n,3
忘記,v,13
嘴上,s,4
魯,nr,1
高樓,n,3
如果,c,49
不好受,a,3
整片,n,1
現實,n,7
天香,n,2
掠,v,5
妳,yg,3
成心,n,5
踩,v,11
電梯,n,8
擁抱,v,12
熬,v,2
稱,v,3
盲,ng,6
凋落,v,3
懷疑,v,4
幾乎,d,3
解救,v,2
四周,m,2
埋怨,v,6
不虛,a,2
顛沒,v,2
葉剛,nr,2
電台,n,3
打擾,v,8
奇,nr,4
不是,c,55
恍,vg,4
氣,zg,4
一秒,m,14
客,ng,6
解放,v,2
感傷,v,4
個覺,n,4
痕跡,n,15
模仿,v,5
點,q,9
靜,v,4
生死,v,5
分海,n,2
鬼神,n,4
陽,nr,2
失去,v,30
永不,d,2
朵花,n,1
守護,v,10
杏仁茶,ns,2
淘選,v,2
練,v,1
拖延,v,10
法,j,10
死,v,28
擺,v,6
理睬,v,8
赦免,v,2
戇,x,1
開口,v,3
放聲,v,14
背面,f,1
剩,v,15
劃成,v,4
掌管,v,2
殊途,n,2
裝作,v,8
隻食糞蟲,nr,3
千言,n,2
重量,n,2
樂島中,nr,7
腔,q,4
蜜任,n,2
雙,m,8
圈圈,n,2
揮手,v,6
街道,n,5
緣份,n,6
幸好,a,3
人家,n,3
毛,nr,3
顧著,v,6
身形,n,2
道別,n,2
接,v,4
體蠢,a,4
種起,v,3
奢侈,a,8
短暫,a,6
收成,v,2
掉,zg,2
身影,n,1
粗暴,a,2
半頂,m,4
收,v,16
發行,v,4
繞,x,2
潘朵拉,nr,4
知道,v,100
鳥兒,n,2
氣質,n,4
之內,f,4
柔情,a,3
一幅,d,3
逃逃,v,2
儀,ng,4
擋,v,7
謝花,nr,6
嘴角,n,2
塵埃淚,i,1
腎,n,2
跑,v,14
阿龔,nr,1
漠然,z,2
跡,ng,5
呼嘯,v,2
感情,n,7
水濂,nr,3
時候,n,113
竟,d,9
大雨,n,15
不在乎,i,4
遮掩,v,5
海平面,n,5
荒唐,a,10
嘆氣然,i,1
隱隱約約,z,2
比,d,2
表,n,4
一隊,m,4
執行,v,2
短,a,5
武裝,n,4
兮,y,5
逃逸,v,1
寵,v,4
阿玉,nr,1
女憂,nz,2
指頭,n,4
江山,ns,2
追,v,24
插隊,n,4
即,v,4
夕陽,n,4
牛角,n,2
迷失,v,5
花筒,n,2
包,v,1
仰著,v,1
舉杯,v,10
驚嘆,v,11
怎樣,r,10
殺氣,v,2
有觸覺,i,4
出現,v,12
石膏,n,2
沈浮,nr,4
嘗,v,20
記,n,4
華麗,nr,4
來閉,v,4
厚,a,2
汝,r,3
河流,n,14
高天要,b,2
世界末日,l,4
忐忑,a,2
一度,mq,2
一座,m,24
難免,d,2
很快,d,5
德布,ns,2
一般,a,19
歌手,n,4
不是太好,l,5
氣氛,n,2
牧車,n,2
奉獻,v,3
隱形,n,7
內心,n,17
流水,n,4
感性,n,5
被淹,n,6
欠,v,2
放肆,d,14
音樂劇,n,1
空中,s,14
留下,v,7
靈塗炭,n,3
抓緊,v,7
傾聽,v,1
就算,v,63
葉夏艷,nr,3
角落,n,7
可憐,v,2
循環,vn,4
風強,n,2
冷冷,a,3
盹,ng,2
道理,n,8
闖,nrt,4
煙,n,19
不肯,v,5
一點,m,44
上流,b,8
從來,d,46
起點,n,5
照得,v,3
擠,x,8
幸福,a,17
黎明,nr,2
製,yg,2
可以,c,26
和積,n,2
盆栽,n,4
露出,v,6
回車,v,1
小組,n,3
無聊,v,2
十年,m,10
翁孝良,nr,2
反而,c,2
歌舞,n,8
想像,v,28
人字,n,4
身,n,6
暫時,d,21
尋歡,v,3
錄,v,1
嘛,y,3
瞬間,t,24
寬闊,a,13
會,v,259
算計,v,2
帶到,v,5
呼面,n,6
謔,g,4
不想,v,30
不能,v,58
儘,yg,9
年月日,t,4
熱習,v,1
善,v,2
受苦,v,4
保護,v,3
夢心,n,4
回到,v,17
只怕,c,6
跳到,v,2
注視,v,4
黑夜,n,19
井青,nr,1
岱,ns,1
妳,zg,4
在乎,v,4
號,q,2
一張,m,12
心門,n,4
昔者,ns,3
果鋪,n,2
變無,v,2
逃兵,v,3
面,q,2
左腳,n,4
組羊,n,1
得唱,v,6
水仙,n,5
幽幽,z,4
獨家,n,5
旋,d,25
新聞,n,7
飛繞,v,4
停歇,v,2
動物,n,4
冷進,v,2
夢異,n,1
階,ng,4
覆舟,n,6
門關,n,3
裝上,v,3
犯錯,v,2
耳光,n,7
若,c,41
經墜,n,2
真以,d,2
無奈,d,3
水滴,n,8
累不累,v,10
輓,zg,5
可,v,14
吼,v,4
蕩,y,1
停止,v,24
雙眼,m,4
發光人絕,l,4
腸,n,5
添,v,2
填滿,v,3
殿堂,n,2
牽手,v,14
講理,v,2
很多,m,7
門,n,10
山間,n,7
發狂,a,3
光輝,nr,2
玄,a,2
大地,n,15
不介意,l,7
夏日,t,3
放空,v,3
廢,v,2
搖頭,v,6
病,n,8
霍,nr,4
黑色,n,6
油鹽,n,8
於斯,nr,4
這,zg,27
猜忌,v,8
有時,r,14
狂詞,n,1
飛行,v,12
生活,vn,57
怕怕,a,8
抵死,v,2
某某,r,2
等到,v,6
說,v,341
錯,n,18
就,d,256
逃出,v,10
潮起潮落,l,5
水中,s,8
幾遍,m,6
完成,v,1
乾翅葉,nr,4
活,vn,2
垃圾,n,8
回頭,v,2
只能,v,25
投去,v,2
血紅,n,4
正式,ad,2
紀念,n,10
噴泉,nz,1
孤獨所醉昏,i,2
跳動,vn,9
逆流,n,2
秋老虎,nr,3
拈花微笑,i,2
什麼樣,r,9
比,p,39
固有,b,1
遙,a,6
初,f,8
歎,y,1
頌,vg,2
壞,a,12
腦子,n,10
插圖,n,1
熱熱淚,n,3
八卦,n,4
努力,ad,16
回來,v,4
畫,v,15
流浪,n,10
幽默,a,4
銀色,n,4
剩下,v,10
幾個,m,4
燈亮,n,2
感慨,v,4
懸,v,3
風刀,n,2
腦筋,n,8
糖份,n,2
歿,g,3
一封,m,6
弧線,n,2
大家,n,8
能成,v,1
養,v,6
來,zg,13
宿命,n,8
拆回,v,2
一對,m,6
種子,n,2
夜蹄,n,8
樂,n,4
熱情,n,5
曠,a,2
看官,v,4
開出,v,9
梟雄迫,i,2
事實,n,4
許,zg,4
螻蟻,n,4
栽種,vn,2
沖,yg,6
下起,v,4
浪費,n,1
烈酒,n,2
荊,nr,2
奔擊,v,2
場,n,2
狂烈,a,2
提煉,v,2
一尾,m,2
去過,vq,8
款,n,13
時分,n,4
牆外,s,3
花香,nr,4
藍天,nr,14
眉間,n,13
陌生,n,14
藍,a,29
綁票,n,11
呼吸,v,16
飛翔會,n,2
看不懂,v,6
地心,n,7
分裂,v,4
覺像,v,2
英雄,ns,11
甜言,n,2
不,v,5
先來,d,4
凱家凱,nr,2
食,v,1
清醒,a,11
女孩,n,23
敢,v,6
痴人,n,1
─,x,12
頭中,s,5
駕著,v,4
襪,ng,3
房間,n,34
間,zg,18
卮,g,5
放手,v,3
雲氣,n,1
虛假,a,3
任,v,16
左手,m,15
送離,v,4
縫陽光,n,3
但是,c,7
省,n,1
覺,x,2
抖落,v,2
盡夢境,l,7
還,d,254
將,d,26
上演,v,6
臉龐,n,5
流下,v,3
彩色,n,8
消耗,n,5
過,zg,4
四溢,v,4
休,v,2
教條,n,2
歌聲,n,5
丟了,y,4
辛苦工作,l,2
抓牢,v,3
視線,n,4
巨大,a,3
開沒,v,6
針,n,2
阿福,nr,2
煙火,n,6
蘇菲,nr,2
太晚,nz,3
辦,v,12
棉花,n,3
親,v,7
不算,v,12
凝固,v,2
相聚,v,3
鍊,y,3
鞋子,n,3
攣生,v,2
噓別,n,2
喜歡,v,3
見留,v,2
滴入,v,1
隨風而行,i,2
那裡,r,6
全心全意,i,2
幻影,n,2
充,v,2
倒影,n,8
嘈雜,a,2
夠,x,8
等,u,45
永遠,d,45
發抖,v,3
自己,r,242
空氣,n,21
長長,n,5
衣和帽,n,2
便,d,6
問,n,2
磨蹭,z,2
樂永遠,nr,4
電,zg,4
記載,v,4
水流,n,2
果然,d,2
等等,u,22
扣,v,3
王國,nr,4
搏來,v,2
佈,y,3
影,n,1
算是,v,9
灑滿,a,8
已,d,86
捕捉,v,14
消息,n,7
奇跡,n,4
鼓掌,v,2
赤裸,z,3
為何,r,8
堅強,v,11
臺,zg,2
步伐,n,7
需,v,2
模樣,n,27
排練,v,2
億,m,1
帆,n,5
如洗,v,2
而是,c,4
變化,vn,3
車諾,nr,2
漫不經心不經心,i,2
讓,x,32
克服,v,15
曲終,nr,4
投入,v,2
生來,v,3
家人,n,9
氣球,n,3
等待,v,16
沈淪,nz,4
海岸,s,3
所有人,n,2
單身,n,2
成仙,n,3
並,c,3
旋律,n,6
安慰,v,7
為了,p,3
遊覽,n,2
星期天,t,4
鼓手,v,1
治療,vn,4
戀,v,1
邊際,n,4
趴在,v,1
大門,d,2
抹,v,3
抓不住,v,10
點,m,36
快要,d,8
過街,n,2
徘徊,v,7
些,q,4
彈起,v,2
僅,d,8
自舊,d,3
幾頁,m,2
得到,v,30
地點,n,27
持續,vd,17
顆星,n,2
隨享,v,1
整個,b,31
看破,v,2
緣分,n,1
做,v,56
踐踏,v,6
對岸,n,3
體驗,n,4
舞蹈,n,4
天鵝,n,2
任何,r,3
埋進,v,7
斷氣,n,5
中央,n,2
哭,v,13
永遠然,z,2
之前,f,16
墳場,n,4
寄放,v,3
失眠,v,15
閒,v,1
綠林,n,6
一蓑煙,i,4
般通紅,z,2
化為,v,8
天終,t,3
甘,vg,2
負荷,n,4
梆子,n,4
刻印,v,2
熄,v,5
頂上,f,2
一千,m,4
樹裡,s,3
守,v,6
曉醒,v,2
郭敬明,nr,1
意,v,1
丑,a,4
服命,vn,4
這些,r,9
沒,zg,10
聽到,v,3
依稀,d,2
乞討,v,4
上下,f,10
根深蒂固,i,1
中,ns,7
晚餐,n,3
困住,v,19
急,v,3
眉頭談,i,3
打擊,v,10
樂,v,12
當,p,68
答答,v,14
聆,vg,6
藏不住,v,6
指縫間,n,4
落雨,n,2
著迷,v,2
嗚咽,v,2
開灑,v,2
留著,v,4
暴風,n,2
逃不了,v,8
船,n,6
傷痛,a,5
涼,v,18
花火輕輕墜,i,2
不能不,d,4
挑戰,v,11
魔鬼,n,24
傷閣,n,2
意義,n,2
登登,v,1
大廈,n,3
漢在,t,1
原諒,nr,4
玩具,n,2
拎,v,2
滋味,n,13
類,q,2
發動,vn,2
天邊,s,4
游樂繽紛,i,1
雖,c,2
鏘,o,4
膽怯,a,5
折騰,v,9
笛聲,n,8
落得,v,4
一盆,m,6
咳嗽,v,3
眼神,n,8
正要,a,6
鞦,x,9
呼喚,v,7
奮鬥,v,2
想念,v,10
相愛,v,2
空洞,n,6
塵,ng,12
無私,i,18
懺悔,v,3
被人,n,2
呼喊,v,3
縫,v,10
捍衛,v,2
諾,nr,8
捧起,v,14
質疑像,n,4
翻飛,v,2
困惑,a,5
一分,m,4
一切,r,29
旅程,n,5
閉,v,6
合,v,10
狂野,n,3
光芒,n,23
命,n,2
閉著,v,8
憑,p,12
在水一方,i,4
蜂,n,2
窗,s,4
無數,nr,2
飛旋,n,1
百日,m,1
歐,j,12
衝擊,vn,3
樂飆飆飆飆飆飆飆飆飆這,l,2
踩踏,v,2
藝術,n,6
所以,c,31
嘗榮,v,2
未,d,16
片刻,m,28
塵垢,n,2
火箭,n,2
卜,nr,1
熱,a,7
任時,r,6
嘴,n,10
雖然,c,19
一刻,m,6
色票,n,2
希望,v,32
蒸散,v,8
放,v,15
主傳,b,4
影子,n,28
魂,n,4
翅,ng,2
一片,m,47
重組,vn,2
巨石,nr,8
狂顛無處,i,3
奢華,a,3
緣,n,2
害怕,v,32
載,v,6
非在,d,2
略去,v,4
妳走到天邊,nr,3
以,p,20
撫慰,v,2
嚷嚷,v,2
眉宇,n,4
賴著,v,6
賣,v,4
空著,v,3
高端,n,2
看看,v,14
偕老,v,6
祈禱,v,20
著賴著,v,10
自卑,n,2
弄污,v,16
執著,v,9
灰,n,4
打轉,v,5
小夜,n,1
開得,v,1
狂熱,a,26
華麗,a,2
心臟無法,i,3
一聲,m,6
純潔,a,2
丟掉,v,8
蜉蝣,n,4
女,b,6
唉,e,6
博物,n,5
樂有,v,4
飛來,v,2
疑猜,v,5
脈膊,n,2
淨末,n,4
不起,v,4
享受,v,26
成歌,n,2
許臉,m,5
在握,v,1
吹灰,n,2
嘟,o,1
飄,v,11
拒絕,v,15
氣,n,18
圍牆,n,2
鑽石,n,2
大嚷,v,5
巨蛋,n,3
良心,a,1
動得,v,4
韆,yg,2
發據,v,3
白在,t,2
充耳不聞,i,2
色,ng,2
遺,vg,2
間終,d,3
處理,v,1
年代,t,4
紅色,n,2
陪著,v,2
花園,n,12
氣息,n,6
則,d,3
已經,d,23
口氣,n,3
得及,v,2
走透,v,1
鑽出,v,5
面具,n,4
蝕,vg,3
顏,nr,2
千里,q,4
貼,v,2
床,n,13
塵埃,n,6
解渴,v,2
心虛,a,8
執欲絕,i,2
凌亂,a,2
座,m,1
指環,vn,4
蕩,zg,15
顫,v,8
地址,n,3
差,a,2
共,d,9
偽心,n,2
味,ng,2
太多虛,nrt,2
響,v,7
雨前,t,2
炫覺,a,2
雪品,n,2
星星,nz,8
汗,n,3
淚,n,14
鑽進,v,7
了紙,v,2
見,v,61
相信,v,78
認,v,5
下浮,v,8
轉閉,v,1
敞開,v,2
川流,n,8
顫抖,v,10
算,v,12
馬耳東,ns,2
實在,v,4
光亮,a,2
夢現,v,2
猜,v,9
吞,v,22
發展,vn,4
頌者,n,8
好笑,v,1
尊嚴,a,7
走進,v,1
同名,n,4
聆聽,v,4
能力,n,3
照片,n,5
慣,x,7
引擎,n,2
交換,v,10
最水,n,2
思索,n,6
皮箱,n,2
利刃,n,2
渺,ag,8
暗示,v,1
激昂,a,4
齡,q,2
看不清,v,4
徐乃麟,nr,1
耳膜,n,12
晴朗,a,4
無窮無盡,i,2
鏡頭,n,2
歌,n,32
宇宙,n,39
蒼穹,n,5
岔路,n,4
超速,v,4
遮蔽,v,3
曉得,v,2
愛情,n,20
芳草,n,2
費,zg,5
裡,m,7
荒,ng,2
自同,a,3
霍哪一,nr,3
指甲,n,8
間,f,52
眷戀,v,9
紛擾,v,10
無畏,v,2
演奏,v,4
但一言,c,1
臻,vg,1
哈哈哈,o,5
細數,n,2
命運,n,8
眼眶,n,6
戇,zg,1
苦悶,a,2
登場,v,2
吉,nr,2
莫及,ns,4
樂滿口,nr,4
幾米,m,1
囚禁,v,4
眼眸,n,14
只在乎,i,12
諾比,nrt,1
蜘蛛,n,5
錯誤,n,5
門外,s,4
查不到,v,3
分不清,l,2
遇見,v,18
愛,v,221
真,d,15
靠,v,2
每個,r,12
遺留,v,4
烏鴉,n,3
曰,vg,2
滅絕,v,2
遙遠,a,6
深刻,d,6
絆,v,13
面目,n,4
冰,n,5
倒退,v,12
轉天,v,2
衝散,v,1
怪手,n,3
運,n,4
下淚,v,3
親密,a,2
危險,an,12
當作,v,2
蓋,v,28
睡眠,v,1
指間,n,10
載舟,n,6
陰晴圓,nr,4
叫住,v,3
別以,c,2
住,v,10
泥沼,n,6
有空,vn,6
傷害,v,2
字,n,7
標點,n,1
平房,n,2
熄滅,v,2
闖,v,4
病毒,n,1
皈依,v,4
始終,d,6
改變,v,18
捧,v,6
一句,m,20
載到,v,4
血腥,a,2
烏龜,nr,1
寬,a,3
零碎,a,6
三木,n,2
軌,n,1
去往,t,1
暖,a,7
饒舌雷聲如燈,l,2
暴雨,n,2
豹,ng,2
整座,m,11
限有,v,6
亮鍵,n,2
綸,x,4
吐露,v,2
願意,v,9
小孩,n,4
懦弱,ad,3
頁,m,2
一個,m,187
溫光,n,3
內,f,1
夜黑,nrt,4
節奏,n,15
成,v,33
了布,v,2
碗,q,18
尼採,nrt,2
一通,m,2
檯,zg,2
白天,t,2
形容,n,6
漩渦,n,21
值得,v,34
不理不睬,i,4
莊子齊,nr,2
夜色,n,2
目屎,n,2
沖散了和,nr,3
十字街,n,2
白夜,t,4
想到,v,9
離合,v,2
剩應,v,6
到,v,127
放下,v,24
微涼,a,4
孟浪,nz,4
無法,d,2
游,v,7
容不下,i,5
希微,v,2
東風藏,ns,4
撿,v,3
人間,n,25
情歌,n,8
牽起,v,10
祂,zg,21
掛著,v,4
孤獨,nr,2
請,v,27
啊,y,33
黑白,z,3
低,a,4
靠蹣跚,l,4
一道,m,5
條件,n,4
公園,n,3
刻度,n,8
涸,i,9
忙,v,30
痛傷,an,2
討,v,7
伊賀,nr,1
停,v,33
阮策,nr,2
音樂聲,n,2
玫瑰花,n,19
人,n,188
應,v,3
惆悵,a,3
血染,n,2
給,zg,24
恰似,a,4
洪流,n,3
無限,a,6
成血,v,3
尖銳,a,2
游回,v,2
在意,v,1
偈,g,2
延,j,2
重生,n,2
投射,v,2
再多,d,18
長大,a,6
冷靜,a,4
對照,p,2
如,v,20
紅,n,4
取悅,v,2
聯合,v,1
一邊,s,6
多久,m,3
公車,n,4
喊,v,5
不起眼,l,2
踏出,v,2
趕快,d,10
降落,v,17
爛,v,16
嘴會,n,2
次,m,3
脆弱,a,16
推托,v,1
蕭邦,nr,2
盒子,n,1
性,n,4
皺紋,n,4
拼了命,l,3
滋養,v,5
不住,v,10
珍惜,a,2
滿疑,d,2
一生,m,2
迷路,n,5
人生,n,35
漫長,v,8
舞,v,10
可悲,a,2
無盡,d,2
夜空,n,2
畫框,n,2
幢幢,z,2
飄來,v,4
原諒,v,6
闊,a,1
一抹,m,2
沈河,ns,6
如今,t,24
埋葬,v,4
總不,d,4
可惜,v,8
有時一笑,l,2
塗,v,4
兒,n,5
唐吉軻,nr,2
飛有,v,9
線,n,26
力量,n,16
哪裡,r,20
歡,a,6
有錯,a,2
剩愛,v,2
酒醉,v,2
燒成,v,2
最纏綿,z,2
剝落,v,2
穫,zg,8
停擺,v,5
盼望,v,3
不膩,a,2
可能,v,64
不休,v,4
沾滿塵土,i,5
腰,n,2
追求,v,16
傷害,a,2
繼續,v,40
淺,a,40
丈量,n,2
突,ad,1
偌大,b,8
怪,v,4
短要,b,2
沒離,v,2
分,q,4
圈,q,10
偷走,v,5
戲團,n,4
愛寬容,nr,7
永恆,nz,6
耍賴,v,6
垂,v,4
可愛,v,10
點名,v,2
縮成,v,7
得逞,v,2
許手,m,3
奔跑,v,15
嘶吼,v,10
夢出,v,6
滄桑,ns,13
謠,ng,4
蠢,a,3
地,n,2
牧神,n,8
說著,v,2
變無限,l,3
決心,v,2
花瓣,n,2
進,v,14
別,r,2
旋風,n,2
砌成,v,4
痛快,a,32
孤獨島,nr,2
限藏,v,2
過著,v,2
操場為,v,2
心,n,106
變,vn,10
揮霍,v,6
牆,n,6
好好,d,3
靈,n,4
甜蜜,a,4
告,v,2
征服,v,4
青春,ns,14
收起,v,2
彗星,n,10
泅泳,v,2
自遠,d,2
雙天,m,2
誕生,v,2
不了,v,46
影恍恍牽手,i,2
楊花雨,nr,2
窮奢極欲,i,3
鬆,zg,2
滯留,v,1
寫,v,45
爭仗,v,4
沒到,v,4
演奏曲,n,1
音,n,12
遲,a,18
如虹如夢如風如火,i,2
下輕,v,2
婚姻,n,8
爾,yg,2
能,v,103
盡,c,2
寬容,n,2
實嘛,n,2
愛成,v,1
懷抱,v,11
萬一,m,3
別用契,nr,4
跟著,v,17
啟動,vn,2
變得,v,3
幾年,m,2
貼近,v,6
萬丈,m,7
眼睛,n,34
脾氣,n,4
阻止,v,4
開固,v,2
信件,n,10
荊棘,nr,1
偶發,d,2
生,v,4
船島,n,8
過客一,nr,2
重來,v,4
轉眼,v,8
愧,vg,3
孩子,n,4
嬉,vg,2
團員,n,2
頭,n,66
馬,n,6
猶豫,a,2
離開,v,57
地平線,n,15
轉在,v,1
逃跑,v,4
吵,v,24
沒人,l,8
午,tg,2
蛻變,v,6
足跡,n,4
前路,n,4
節,zg,4
逃不開,v,3
淚像,n,5
母親,n,2
屋瓦,n,2
小窩,n,2
得像,v,2
身邊,s,55
一邊,d,1
尷尬,a,2
邊窗,n,4
湧動,v,2
中脈,ns,2
顏色漸漸,nr,1
香菇,n,1
套,q,4
音軌,n,1
忘,v,53
夏蟬猛,nr,5
中喘,nz,4
回,v,21
思念,n,32
怎麼樣,r,5
烏,ns,1
下來,v,4
試著,v,16
語裡,n,4
面前,f,12
敷衍,v,2
不下,v,4
無關,v,2
殘缺,a,6
台,q,5
寶藏,nr,2
眉頭,n,3
版本,n,3
風,n,38
巧合,v,3
聽,v,78
使變,v,2
雷下雷,nr,8
曾,d,29
綁,v,2
走道,v,4
境,ng,8
預報,vn,4
中蘇,ns,1
必須,d,16
嚇,v,3
黃妃,nr,1
悄悄,z,12
秋風,n,3
著進,v,4
魔術,n,5
願望,v,6
試探,vn,3
自在,d,2
瀕臨,v,8
麗,x,13
背影,n,11
因為,c,86
眉心,n,4
沒錯,v,6
尋找,v,21
功,n,4
走遍,v,4
可是,c,33
穿入,v,2
陪伴,n,10
漢,j,7
唾棄之歌滅絕,i,2
學飛,v,2
嘈嘈水,z,5
幾秒,m,3
敲響,v,2
矛盾,an,2
越來越,d,16
傳,v,4
著賴,v,10
還為,c,2
臟,a,1
給予,v,3
勇氣,n,4
方法,n,2
自然,d,5
度過,v,3
而過,c,2
證據,n,2
答案,n,2
燉,v,2
特別,d,13
抵抗,vn,6
皮黃,nr,4
回答,v,12
迎接,v,4
節奏,v,6
攘攘,v,2
插座,n,4
扔,v,2
狡猾地,z,3
願,v,27
總是,c,6
魚,n,50
顏色,n,5
煞,v,4
淡,a,9
一陣,m,18
不要,df,77
察覺,v,2
遍及,v,2
瘋癲,z,8
恨,v,39
痙攣,vn,4
幾點鐘,m,6
一朵花,n,5
不見,v,28
許放,v,2
從未,d,3
汗水,n,10
風箏,n,11
假象,n,6
捨,y,12
做賴,v,2
週末,t,3
詞曲,n,1
拿,v,5
慾,zg,17
孤單,a,13
嬰兒,n,5
經典,n,2
窄,a,5
絲,q,2
境上,s,8
鄉,n,6
退潮,v,10
框線,n,2
哭醒,v,4
毋是,c,1
沒去,v,2
是非,v,9
分,v,2
枒,yg,4
無傷,v,1
黃夜,t,2
昏迷,v,8
細看,v,2
遠方,s,2
非常,d,2
天際,n,2
專頁,n,1
管不住,v,6
蘧,x,6
哪些,r,6
沙漠,n,1
寧靜,a,8
推著,v,4
回家,n,19
唱,v,38
愁眉,n,2
疲倦,a,4
前世,t,3
暗光,n,6
光是,n,3
磨損,v,1
擺動,v,6
曲目,n,4
殺,v,8
向前,t,8
斷線,n,2
房,n,8
邏輯,n,2
沈潛,nr,3
日暮,t,4
維持,v,3
海面,n,15
消費,vn,2
光,n,20
烈,a,1
郊外,s,3
位置,v,3
守著,v,2
緊要,a,2
狂放,v,8
尋花,v,3
刺滿,v,2
捕,v,2
保護家,n,2
流著,v,2
轉過,v,6
陳家麗,nr,2
食髓知味,n,11
一雙,m,8
一回,m,3
盜,vg,3
傻傻,v,2
店員,n,4
成灰塵,n,2
汝兮,nr,1
師威風,nr,3
白忙,nr,4
多一些,m,4
配合,v,2
或是,c,5
面海,f,1
鍵,n,5
無邊,nr,2
一直,d,32
血淋淋,z,4
散盡散,i,2
眼前,t,20
放棄,v,27
把握,v,6
一千年,m,14
化作,n,5
本來,t,4
紀,zg,4
人犯,n,4
拔起,v,1
凝結,v,4
汗流,n,2
理,v,3
天地,n,31
一圈,m,10
中獎,nz,4
浪漫,a,2
中午,t,3
恐懼,an,15
笑吟吟,z,2
了讓,v,4
投,v,2
脈搏,n,6
得,ud,136
浮士德,nr,3
輕巧,a,2
林瑋哲某,nr,1
霜,n,2
原,b,3
走上,v,4
踢,v,3
感覺,n,12
快別,d,9
戰,n,4
肩,n,5
製,y,1
抬頭,v,4
勉強,v,7
偶像,n,2
咱,r,3
舉,v,6
天國,ns,9
原本,n,1
開口,n,3
收拾,v,7
心疼,a,4
喵,o,1
演員,n,2
一眼,m,8
琴,n,2
啡,x,2
有些,r,4
邊,x,1
擠,v,4
對,x,4
減跟,v,2
如潮,n,4
每,zg,12
噪音,n,8
急板,n,2
看到,v,23
想問,v,1
夏,tg,1
志,n,4
薔薇,n,2
痛,a,8
驚,v,2
靜,zg,7
眉眼,n,4
一面,m,22
雲朵,n,5
解,v,8
有人,r,12
清高,a,2
當分,d,8
退浪,v,6
那時,r,3
渾沌,a,2
長廊,n,4
逼,v,3
修改,v,5
日期,t,8
癲,vg,3
總會,n,6
女聲,n,1
爬滿,v,3
眾,ng,4
茶,n,2
愛永恆,nr,4
陽光來,nr,2
封,q,4
濕過,v,4
泛著,v,4
暴力,n,4
毀滅,v,5
計算,v,2
秋天,t,10
不,d,508
黃,a,6
針線,n,2
分際,n,2
地球,n,6
心甘,v,8
無法,n,8
子夜,n,4
神仙,n,2
滿足慾望比夢還要想隔著螢,n,2
閃著,v,8
埋成,v,2
瘋釀,v,1
重要,a,14
仰起,v,1
寬容,a,1
一瞥,n,2
走出,v,1
憨,ng,2
歌歌,n,2
杜鵑,nr,3
隨著,v,3
一瞬,t,58
符號,v,2
忍不住,v,8
一輩子,m,4
月亮,n,25
注意,v,2
純粹,d,2
舊,a,11
一片空白,l,4
灑下,v,4
心田,n,9
季節,n,11
虛擬,b,2
所謂,b,2
主唱,n,1
啊,zg,4
圈點,n,3
珍珠,n,4
味道,n,13
燈,n,31
崗位,n,3
沾染,v,4
羅,j,2
掩護,v,7
題,v,1
額度,n,2
老船,n,3
混音,n,1
地平,n,1
胸,ng,4
專心,n,5
海陽,ns,4
依偎,v,6
蛋白,n,2
淡定,n,2
飾粉,n,4
散要,b,3
刺激,v,3
蜿蜒,v,9
直到,v,24
電畫面,n,4
所欲,n,4
雲,n,19
標竿,n,2
返來,v,3
觸,v,6
為著,v,2
簡單,nr,2
衣袖,n,7
吹似,v,2
賽猶,nrt,4
太多太多東西,nrt,4
邪,a,8
攀,v,2
飛揚,v,8
事,n,11
夜晚,t,32
自由,a,16
選擇,v,19
跟,v,3
愚蠢,a,4
茫然失措,i,2
粗,a,2
娘,n,6
煙壓,n,4
多,m,137
喝,vg,8
塞住,v,2
黏,a,10
跟,p,24
款款,n,6
下,m,9
開始,v,41
針,x,3
尬,x,1
羽毛,n,10
逼迫,v,4
飛飛,v,3
飛鏢,n,1
買,v,12
滄海,ns,6
冰入,n,2
開,v,43
時空,n,4
包括,v,3
承諾,v,7
整夜,b,3
終,d,9
腰桿,n,3
報紙,n,3
版,n,2
歎,zg,1
大裕,nz,1
莫名,v,4
時光,n,8
日落,n,5
去秋,t,3
澱,y,1
紙屑,n,4
掉落,v,2
怎,r,24
車門,n,4
敲開,v,2
走到,v,2
心雨,n,2
汝會,nr,1
辣得,n,7
塵情有獨鐘,i,2
闔上了,l,2
屬,v,20
飯,n,4
獨處,v,33
阿福,nrt,4
一味,m,2
側,v,3
整天,m,2
生根,n,3
哲,n,2
成河,ns,2
拖著,v,6
不美,a,6
地圖,n,3
自喻,n,3
下,f,73
穿透,v,4
來往,t,1
暐,yg,1
播著,v,5
神佛,n,2
悔,vg,10
老枝椏,n,2
證明,n,3
行板,n,2
介紹,v,2
碎片,n,4
歡呼,v,5
冒險,n,9
瘋狂,a,40
樣,u,7
夜曲,n,2
無限,l,2
行李,n,10
雲背,n,4
形式,n,3
小心,n,2
柴米,nr,8
鮮,a,7
擁,v,6
裝,v,4
告終,v,2
兩串,m,7
稀釋,v,8
太久,nr,2
無力,n,1
覺,v,9
煙塵,n,2
情仇,n,2
看得,v,2
活來,v,3
春雨,n,3
眼流淚,n,8
韆,zg,7
互相,d,4
泡沫,n,7
過生,v,1
看不見,v,8
移民,n,4
飛舞,n,2
唉聲嘆氣,i,2
紅,zg,4
打,v,6
無可,l,2
高,a,12
點燃,v,2
冒雨,v,2
能源,n,6
手心,n,3
礡,yg,2
土壤,n,6
摧,vg,2
歸去,v,2
地揮,n,4
幫,v,4
自,p,16
灼,vg,4
地面,n,6
困,v,2
冷孤芳,nr,2
萬歲,m,9
哀傷,an,2
沒,d,98
景色,n,4
人兒,n,9
輕忽,v,2
了笑,v,1
它,r,42
灌以,v,1
給給,v,8
嘆,v,7
胸口,s,9
生靈,n,4
練習,v,24
殺戮,v,2
聲線,n,5
本,r,3
暑,ag,2
莓,g,2
聲塗,n,3
輕盈腳,z,4
輕快,d,8
死罪,v,2
萬語,nz,2
音樂,n,18
美麗兮,nr,1
快速,d,4
甜,a,6
解構,n,2
掌紋,n,2
太空,n,2
另外,c,1
曖昧,a,2
深藏,ns,4
投奔,v,2
怪,a,3
花都,ns,3
愧疚,a,3
種,q,17
隱,v,4
地,uv,90
立碑,n,3
不論,v,3
飛出,v,6
涷,zg,5
堅固,a,3
社會,n,2
延展,v,2
疊,v,8
磅,v,2
百花,n,7
忘不了,v,3
這時,r,3
降臨,v,7
俐落,nr,5
現在,t,43
佯裝,v,4
夾岸,n,7
小,n,12
打直,v,3
挾持,v,4
站,v,27
存,v,5
猛烈,a,4
事件,n,2
黑裙,n,4
定義,v,2
如此,c,16
當要,d,3
人像,n,4
壓壞,v,6
跳越,v,2
鐘夢,nr,4
捨,yg,4
快,a,67
看透,v,10
拉起,v,4
河水,ns,4
遨遊,v,10
輕輕,a,2
右,f,2
木吉,nr,1
成人,n,2
墮,v,2
決定,v,7
向左看,nr,6
歸,v,12
認真,ad,6
天拿水,ns,1
未知,v,4
一年,m,8
找,v,74
認知,v,2
往,p,22
支歌,n,4
時節,n,2
狂,zg,5
唇,ng,3
漫遊,vn,3
學會,v,4
邊,d,19
彈著,v,6
載著,v,6
風塵,n,2
秋風,nr,4
潮汐,n,3
馴,v,4
範圍,n,3
怕,v,12
荒廢,a,5
不該,v,2
騙,v,2
擦肩,v,6
編造,v,2
嚴肅,a,3
分離,v,2
成紋路,n,2
ㄟ,x,24
責備,n,2
渡,v,3
麻痺心,i,8
欣,vg,2
心成,v,1
方位,n,2
反正,d,2
粉飾,n,11
演得,v,2
莫名其妙,i,6
天旋,n,6
佈,yg,2
窮,a,5
徐錦凱,nr,3
結局,n,3
大約,d,4
心眼,n,3
樹,n,5
曝曬,v,3
桃花,n,4
落,v,35
於,nr,54
毋知影,i,1
塚,ng,2
大步行走,l,6
浮載,v,6
袋鼠,n,1
起,v,46
闔起厭倦,i,5
猜疑,v,4
又,d,164
人門,n,1
糾纏,v,7
結尾,n,4
飛舞,v,3
無可,v,6
地獄,n,6
某,r,10
不許,d,10
以為,c,16
過,v,4
記得,v,5
偶爾,d,5
某一,r,2
正,d,13
輸過,v,2
青其實,i,1
珍重,a,4
是否,v,44
研究科,n,2
一滴水,n,1
緬,v,2
耳朵,n,12
髮,yg,13
憑空,n,1
粉墨,n,2
火山,n,2
哲,nr,2
上晨,t,8
眼先,d,2
海,n,21
戰略,n,1
堡壘,n,3
手點,n,2
腿,n,5
眼光,n,3
